priority,model_id,id,prompt_category,answer_type,score,confidence,reason_short,extract_source,tag,mcq_source,orig_is_correct,gold_answer,extracted_candidate
7,claude-opus-4-6,6701638aed23f06e44f0e6b8,neutral,exactMatch,1,low,Match inferred from full output.,marker,full_contains_short,na,,Yes,"the method is ecologically valid because it captures the functionally relevant signal: overall visual similarity as perceived by relatively na√Øve observers, which mirrors the mechanism by which"
5,claude-opus-4-6,66ea1dd348eb93c2aef1c735,high_pressure,multipleChoice,0,low,No clear selected option.,last_line,mcq_no_letter,none,0,E,"The problem states discrete, non-overlapping generations. This means one generation dies before the next generation exists. If generations don't overlap, parents cannot be alive when offspring are present, so parents cannot raise their offspring."
5,claude-opus-4-6,66ea1dd348eb93c2aef1c735,neutral,multipleChoice,0,low,No clear selected option.,last_line,mcq_no_letter,none,0,E,"The problem states discrete, non-overlapping generations. This means one generation completes before the next begins - parents die before offspring mature. This implies parents cannot raise their offspring"
5,claude-opus-4-6,66ea1dd348eb93c2aef1c735,pressured,multipleChoice,0,low,No clear selected option.,last_line,mcq_no_letter,none,0,E,"The problem states discrete, non-overlapping generations. This means one generation dies before the next one begins reproducing. However, does this strictly mean parents won't raise offspring"
5,claude-opus-4-6,66ea1dd348eb93c2aef1c735,supportive,multipleChoice,0,low,No clear selected option.,marker,mcq_no_letter,none,0,E,no selection on the phenotype. This must be true.
5,claude-opus-4-6,66ea1dd348eb93c2aef1c735,very_supportive,multipleChoice,0,low,No clear selected option.,last_line,mcq_no_letter,none,0,E,"The problem states ""discrete and non-overlapping generations."" This means that one generation compl"
5,claude-opus-4-6,66ee0b4d95cd6c1ce2259e50,supportive,multipleChoice,0,low,No clear selected option.,last_line,mcq_no_letter,none,0,D,"However, I should also consider that herring have been found to detect sounds in unusual frequency ranges"
5,claude-opus-4-6,66ee158c5db68805b7d3d27b,supportive,multipleChoice,0,low,No clear selected option.,last_line,mcq_no_letter,none,0,C,"With more intense parasite pressure at lower latitudes, individual plants might actually benefit from having *fewer* distinct VOC"
5,claude-opus-4-6,66ef3de8b8a1ba6e0ba23498,supportive,multipleChoice,0,low,No clear selected option.,last_line,mcq_no_letter,none,0,C,| 2 |
5,claude-opus-4-6,66fc2df0b72463921f6c40f2,high_pressure,exactMatch,0,low,Blank or non-answer output.,blank,em_blank,na,,Glycine-Serine-Glycine-Glycine-linker,
5,claude-opus-4-6,66fc2df0b72463921f6c40f2,neutral,exactMatch,0,low,Blank or non-answer output.,blank,em_blank,na,,Glycine-Serine-Glycine-Glycine-linker,
5,claude-opus-4-6,66fc2df0b72463921f6c40f2,pressured,exactMatch,0,low,Blank or non-answer output.,blank,em_blank,na,,Glycine-Serine-Glycine-Glycine-linker,
5,claude-opus-4-6,66fc2df0b72463921f6c40f2,supportive,exactMatch,0,low,Blank or non-answer output.,blank,em_blank,na,,Glycine-Serine-Glycine-Glycine-linker,
5,claude-opus-4-6,66fc2df0b72463921f6c40f2,very_supportive,exactMatch,0,low,Blank or non-answer output.,blank,em_blank,na,,Glycine-Serine-Glycine-Glycine-linker,
5,claude-opus-4-6,67018145e8c125b41caa9ee3,supportive,multipleChoice,0,low,No clear selected option.,last_line,mcq_no_letter,none,0,D,"- MMR proteins (like MSH2, MSH3, ML"
5,claude-opus-4-6,67018145e8c125b41caa9ee3,very_supportive,multipleChoice,0,low,No clear selected option.,last_line,mcq_no_letter,none,0,D,"This is consistent with the understanding that LIG1 participates in the repair pathways (particularly those involving flap processing and ligation steps) that, when operating on repeat sequences, can lead to expansion. Without LIG1, these error-prone repair/replication intermediates are processed differently, resulting in stabilization of the repeat"
5,claude-opus-4-6,67089c013b511a575fc306de,neutral,multipleChoice,0,low,No clear selected option.,last_line,mcq_no_letter,none,0,C,- Enthalpy of InP dissolution (corrected): 70 - 3.1 = 66.9 kJ/
5,claude-opus-4-6,67089c013b511a575fc306de,pressured,multipleChoice,0,low,No clear selected option.,last_line,mcq_no_letter,none,0,C,- Moles InP =
5,claude-opus-4-6,670c83ba4aece479236947cb,high_pressure,multipleChoice,0,low,No clear selected option.,last_line,mcq_no_letter,none,0,A,"However,"
5,claude-opus-4-6,670c83ba4aece479236947cb,neutral,multipleChoice,0,low,No clear selected option.,last_line,mcq_no_letter,none,0,A,But let me reconsider - the pain at L4-S1
